Area,Current State,Evidence / Notes,What This Means,Immediate Action,Status
Collection,Live Supabase contains 536 articles / 536 article versions,Current corpus count verified on 3 Oct 2026; collection remains cloud-backed with raw/processed lineage in GCS and metadata in Supabase,The old 407-record figure was a planning snapshot; execution scope should be queried dynamically,Use the live corpus count and preserve exact run membership/version lineage,Achieved
Publishers,7 publisher parsers implemented,"Nation, Citizen, Standard, Star, Tuko, Kenyans.co.ke, Taifa Leo",Source coverage implementation exists; corpus quality still needs review,Check representation and extraction quality by source,Achieved
Persistence,GCS + Supabase implemented,Raw snapshots before parsing; normalized JSON/run artifacts in GCS; articles/versions/runs/scans in Supabase,Traceability foundation is ready for annotation/model lineage,Preserve this architecture for annotations/models,Achieved
Monitoring,Flask collection + L0/L1/L2 annotation monitoring and protected local Human Review implemented,"Annotation summary, run list/detail, filtered L0/L1/L2 results, article history and sampled confirm/correct workflow are available; remote mutation remains restricted.",Operational monitoring now covers L0-L2 and sampled human review while keeping machine and human labels separate.,Use the local review workflow for stratified/uncertainty-focused validation; keep remote review disabled until authenticated hosting is ready.,Achieved
Corpus quality,Automated L0 complete; sampled human validation pending,"536 L0 decisions: 519 valid, 17 needs_review, 0 invalid. Review cases are 12 missing publication dates and 5 short bodies.","Automated quality coverage is complete, but the corpus is not yet a human-validated reference/gold corpus",Review the 17 anomalies and run the planned stratified human validation sample,Current priority
Annotation,"L0/L1 executed; L2 weak bootstrap, human-review overlay and first transformer inference are implemented","L0: 536/536 (519 valid, 17 needs_review). L1 v2: 519/519 eligible (324 kenya, 35 not_kenya, 160 ambiguous). L2 weak machine: 7/15/302; effective weak view after human review: 10/312/2. Transformer coverage: 300/324 compatible results = 10 gbv / 284 not_gbv / 6 borderline; 24 pending.","Engineering execution now reaches a real AfroXLMR model and persisted predictions, but these counts are not independent accuracy evidence and the L2 research gate remains open.","Resolve schema/lock interruption, complete pending-only model inference, then expand independent human validation and positive support.",In progress
Model training,First real AfroXLMR development model trained and configured locally,"`l2-afroxlmr-dev-v1` used 322 mixed-effective binary records (10 gbv / 312 not_gbv), including 300 human corrections and 22 unreviewed weak binary labels. `Davlan/afro-xlmr-base` was pinned; Apple MPS training used 3 epochs, batch 2, 512 tokens, LR 2e-5, weight decay 0.01 and balanced class weights. Mean weighted loss 0.5049. Offline reload/checksums passed.","The development training pipeline is now proven, but only 10 positives (3 human-reviewed) exist; no reliable independent development metrics or final held-out reference set exists.","Use the model for bounded inference/active learning, expand independently reviewed positives and corpus coverage, then retrain and evaluate against a frozen human reference set.",Achieved (development)
L2 inference / schema,300/324 transformer predictions persisted; 24 eligible records pending; required L2 schema objects still absent,Persisted model labels are 10 gbv / 284 not_gbv / 6 borderline. The latest run failed after an OperationalError followed by AnnotationLockLost. Four required objects from `20261005_add_l2_annotations.sql` remain absent despite saved prediction rows.,Existing predictions are useful engineering output but schema readiness and run reliability must be resolved before further writes/completion.,"Verify/install the L2 annotation migration through the operator workflow, investigate the connection/lock interruption, then resume pending-only inference without force/overwrite.",Current priority
NER / geocoding,Not implemented; baseline design is now ready to start,"The first AfroXLMR model and persisted L2-positive candidates now exist. L1 v2 also provides an offline Kenyan gazetteer/hierarchy, but it is not contextual NER or event-location reasoning.",The development entry condition for a location baseline is met; final NER/geocoding evaluation still requires validated GBV-positive records and human span/role reference labels.,Define the location-span/event-role schema and build the gazetteer/rule baseline in parallel with L2 validation and corpus growth.,Next
Final dashboard,Collection monitor exists; analytical GBV dashboard not yet built,"Final dashboard should use validated model outputs, HITL review and privacy-safe aggregation",Do not prematurely turn collection monitor into final research dashboard,Build after models/location pipeline,Later
