Phase,Workstream,Task,Output / Definition of Done,Depends On,Priority,Status,Sequence,Research Link
1,Corpus QA,Audit current collected corpus (536 article versions),"Automated L0 covers all 536 versions (519 valid, 17 needs_review, 0 invalid). Current L1 v2 covers all 519 L0-valid versions (324 kenya, 35 not_kenya, 160 ambiguous). Sampled human validation and anomaly review remain pending.",Stable collection MVP,High,In progress,Now,Data & corpus development
1,Corpus QA,Implement L0 extraction-quality gate,"L0 automated quality gate implemented and executed on 536 versions; 519 valid, 17 needs_review, 0 invalid; append-only/versioned results persisted to Supabase",Trial corpus audit,High,Achieved,1,Preprocessing & data quality
1,Corpus QA,Resolve parser defects and rerun affected records,"Review 17 L0 needs_review cases (12 missing publication dates; 5 short bodies), fix parser/source issues where appropriate, and reprocess versioned records",L0,High,Next,2,Reliability / provenance
2,Annotation,Finalize automated annotation specification v1.0,"L0/L1/L2 automation, versioning, lineage and protected sampled Human Review are documented. L2 research training/validation remains open; L3-L5 methods and thresholds remain to be finalized as those layers are implemented.",L0 design,High,In progress,3,Automated annotation framework
2,Annotation,Implement automated L1 Kenya-relevance annotation,"Current L1 v2 expanded geographic-evidence scorer is implemented and executed on all 519 L0-valid versions: 324 kenya, 35 not_kenya, 160 ambiguous. Evidence/version lineage is persisted; sampled human validation/calibration remains pending.",Codebook / annotation specification,High,Achieved,4,Corpus eligibility
2,Validation,Validate L0/L1 automated annotations on a sampled corpus,"Review a stratified and uncertainty-focused sample across labels, sources, languages and confidence bands; store confirmations/corrections separately; report L0 false-pass/false-fail and L1 accuracy/F1, ambiguity, calibration and subgroup errors. Do not require manual correction of the full corpus.",L0 + L1 full automated runs,High,Next,4a,Human supervision / validation
2,Annotation,Implement automated L2 GBV-relevance annotation,"Weak supervision covers all 324 current L1-Kenya versions with original machine labels 7 gbv / 15 not_gbv / 302 borderline. All 302 originally borderline records now have human review: the current effective view is 10 gbv / 312 not_gbv / 2 borderline; reviewed-only is 3 gbv / 297 not_gbv / 2 borderline and 22 original binary weak records remain unreviewed. Primary AfroXLMR model is still unconfigured. Next: implement reviewed-only and mixed-effective training export with explicit provenance, assess/deduplicate support, and train the first development AfroXLMR without claiming final evaluation.",L1 automation + L2 weak/bootstrap review workflow,High,In progress,5,Objective 1
2,Corpus,"Scale corpus toward ≥5,000 research articles","Continue collection toward the approved ≥5,000-article target while running L0/L1/L2 incrementally. Use the first development AfroXLMR and active learning to surface additional likely positives/uncertain cases for sampled human review. Track source, language, temporal and class support. Keep a future independent held-out human reference subset separate from training/tuning.",Stable collection + L0/L1/L2 pipeline,High,In progress,5a / Parallel,Sampling / corpus development
2,Annotation,Implement automated L3 GBV-type annotation,Multi-label AfroXLMR/XLM-R classifier assigns GBV types with per-label probabilities/thresholds; humans validate a small stratified sample,L2 classifier,High,Planned,6,Objective 1
2,Annotation,Build automated L4 location annotation,"Start the NER/gazetteer baseline once an initial usable L2 GBV-positive pool exists; contextual NER + event-location role classification + gazetteer/geocoder then process GBV-positive records. Final evaluation uses sampled human-validated spans, roles and geocodes.",Initial usable L2-positive output,High,Planned,7,Objective 2
2,Annotation,Build automated L5 privacy/safety annotation,PII NER + regex/rules + location-precision checks attach privacy-risk flags/actions before dashboard/API use,L2-L4 outputs,High,Planned,8,Objective 4
2,Corpus,Version and freeze corpus snapshot,"After the corpus reaches the intended research scale and the validation/reference cohorts are defined, record dataset version, code commit, annotation-guide version, dedup groups, human-reference membership and split metadata.",Scaled corpus + validation design,High,Planned,9,Reproducibility
3,Modeling,Create train/validation/held-out test split,~20% isolated held-out test; near-duplicates grouped before split,Frozen corpus,High,Planned,10,Model validation
3,Modeling,Train baseline classifiers,TF-IDF + Logistic Regression / SVM baseline metrics recorded,Dataset split,Medium,Planned,11,Baseline comparison
3,Modeling,Fine-tune multilingual Transformer(s),"Immediate next modeling step: extend the current weak-only training exporter to support reviewed-only and mixed-effective labels, with latest resolved human labels taking precedence and provenance retained. Train the first AfroXLMR development model on the mixed-effective binary pool after deduplication/class-support checks; current pre-dedup maximum is about 10 gbv / 312 not_gbv. Use explicit class weighting and do not force a conventional validation split if positive support is too small. Retrain at larger corpus checkpoints; final AfroXLMR/XLM-R comparison waits for a frozen development/reference design.",Reviewed/mixed L2 export + current usable corpus,High,Next,12,Objective 1
3,Modeling,Evaluate classification,"Precision, recall, macro-F1, micro-F1, per-class F1, AUC-ROC, confusion/error analysis",Trained models,High,Planned,13,H1 / evaluation
3,Modeling,Run active-learning cycle,"After the first development classifier exists, rank non-held-out records by uncertainty, model-vs-current-label disagreement, predicted-positive probability and underrepresented source/language groups. Route selected records to human review; never use the final held-out reference set for active learning.",Initial AfroXLMR development classifier,Medium,Planned,14,Active learning
4,Location,Build NER/location baseline,Build a gazetteer/rule place-extraction baseline and define human span/event-role annotation once an initial usable L2-positive pool exists. This can proceed in parallel with L3 and ongoing corpus growth.,Initial usable L2-positive pool,Medium,Planned,15,Objective 2
4,Location,Fine-tune localized NER,Contextual NER distinguishes reported-event locations from contextual locations,NER labels,High,Planned,16,Objective 2
4,Location,Add geocoding and disambiguation,Validated locations assigned to Kenyan admin units; privacy-safe aggregation,NER output,High,Planned,17,Geocoding
4,Location,Evaluate NER and geocoding separately,Entity precision/recall/F1/exact match + administrative-unit accuracy,NER + geocoder,High,Planned,18,H2
5,Integration,Create near-real-time inference pipeline,New articles flow through preprocessing → classification → NER → geocoding with traceability,Models + ingestion,High,Planned,19,Objective 3
5,HITL,Build reviewer correction workflow,Reviewers can confirm/correct classification and locations; original predictions remain traceable,Integrated pipeline,High,Planned,20,Human oversight
5,Dashboard,Build final analytical dashboard,Aggregated trends by time/source/category/location; not incident-prevalence claims,Validated outputs,High,Planned,21,Final prototype
5,Dashboard,Add privacy and safety controls,No unnecessary PII; aggregated geography; low-confidence/sensitive items held for review,Dashboard,High,Planned,22,Ethics-by-design
6,Evaluation,Test fairness and subgroup performance,"Report metrics by language, publisher and GBV type; document weak subgroups",Final models,High,Planned,23,Objective 4
6,Evaluation,Measure operational performance,"Inference latency, end-to-end latency, throughput, failure recovery and audit completeness",Integrated system,High,Planned,24,H3
6,Evaluation,Conduct deployment-readiness review,"Accuracy, fairness, reliability, provenance, privacy, oversight and safety criteria assessed",All components,High,Planned,25,Objective 4
7,Thesis,Write results and methodology evidence as work progresses,Figures/tables/metrics linked to reproducible runs and dataset/model versions,All phases,High,Ongoing,Parallel,Thesis
7,Thesis,Finalize thesis and appendices,"Annotation instrument, architecture, model config, permissions, evaluation evidence included",Evaluation complete,High,Planned,26,Submission
