Stage,Entry Criterion,Main Work,Exit Criterion,Primary Evidence,Key Metric / Check,Do Not Proceed If
Collection MVP,Publisher collectors and persistence work,Bounded trials + retrospective runs,Repeatable collection with traceable GCS/Supabase lineage,"Run logs, source coverage, parser tests",Successful bounded runs; no silent overwrite,Collectors unstable or provenance missing
L0 Corpus Quality,Trial corpus available,Automated extraction rules over 100% + small sampled human audit of passes/failures,Automated L0 decision on all records and acceptable validation accuracy,"536 automated L0 decisions: 519 valid, 17 needs_review, 0 invalid; versioned results persisted; sampled human validation pending",100% L0 coverage; 17 review cases. Automated-vs-human agreement and false-pass/false-fail rates not yet measured,False-pass/false-fail rate is unacceptable or parser defects unresolved
L1 Kenya Relevance,L0-valid records,Versioned geographic-evidence scoring over 100% plus small stratified human validation sample,Automated Kenya eligibility assigned with validated decision behavior and documented error boundaries,"Current L1 v2: 519 decisions; 324 kenya, 35 not_kenya, 160 ambiguous; zero eligible pending; sampled human validation incomplete","100% eligible coverage; ambiguity 160/519 (~30.8%). Accuracy/F1, calibration and subgroup error rates still require human reference labels.",Validation shows unreliable Kenya/non-Kenya separation
L2 GBV Relevance,L1 Kenya-eligible records,"Weak bootstrap + human review overlay + reviewed/mixed development exports + initial AfroXLMR fine-tuning + full compatible inference are complete. Remaining work is research validation: approve the codebook, create reproducible review batches, expand independently reviewed positive/source/language support, freeze reference membership, calibrate on development validation only and evaluate on a protected held-out human set.",Validated automated GBV labels with documented/calibrated thresholds and independent human-reference performance,"Development coverage is complete: weak 7/15/302; effective weak view 10/312/2; reviewed export 300 = 3/297; mixed export 322 = 10/312; `l2-afroxlmr-dev-v1` trained; current Transformer coverage 324/324 = 11 gbv / 307 not_gbv / 6 borderline, zero pending; development schema installed. No frozen independent reference set or independent model metrics exist.",Research exit evidence: independently measured per-class precision/recall/F1 and macro-F1; confusion counts; AUC-ROC/PR-AUC where support permits; calibration/abstention analysis; source/language subgroup support; leakage/duplicate controls.,"Codebook/sampling protocol is unresolved, reference membership is not protected, independently reviewed positive support is inadequate, or final metrics would reuse training/tuning data"
L3 GBV Type,L2 GBV-positive records,Automated multi-label classifier over 100% of positives; sample human validation incl. rare labels,Validated automated multi-label GBV-type predictions,Per-label predictions + human validation subset,"Macro/micro-F1, per-label F1, support and override rate",Rare/critical labels are too unreliable
L4 Location / Geocoding,Structured L2 validation underway and a usable validated GBV-positive pool available for reference annotation,Gazetteer/rule baseline → contextual NER → event-location role classification → geocoding; sampled human span/role/geocode validation,Validated event-location and administrative-unit outputs,"L2 engineering coverage is complete, but no L4 annotation schema, validated positive reference pool, NER/geocoder or human span/role reference set exists yet.","Entity precision/recall/F1, exact-span match, event-role accuracy/F1 and admin-unit geocoding accuracy against human reference spans",Do not treat model-predicted positives alone as validated L4 reference data or start final NER evaluation before span/role annotation and reference design exist
L5 Privacy / Safety,Derived outputs available,Automated PII/risk detection + suppression/generalization rules; high-risk sample audit,Every displayable record has a safety action; sampled audit confirms protection,Safety flags + audit log,"Sensitive-data recall, override rate, public-output audit",Unnecessary PII or unsafe precise locations can surface
Location / NER,Validated GBV-positive corpus,"Location spans, event-location distinction, geocoding",Validated NER/geocoding component,NER/geocode evaluation,Entity F1 + admin-unit accuracy,Event vs contextual location unresolved
System Integration,Validated components,Inference orchestration + HITL + audit trail,End-to-end research prototype,Integration tests + latency logs,<500 ms model inference target; <30 s end-to-end target,Traceability or fail-safe behavior absent
Final Dashboard,Validated system outputs,Aggregated temporal/spatial reporting UI,Privacy-safe research dashboard,User review + safety checks,No unnecessary PII; aggregated geography,Outputs could be mistaken for confirmed incidents/prevalence
Final Evaluation,Integrated prototype,"Fairness, reliability, privacy, robustness, subgroup review",Deployment-readiness evidence documented,Evaluation report,Metrics by language/source/GBV type + audit completeness,Material unresolved safety/fairness/reliability issue
Thesis Submission,All research evidence versioned,"Write results, limitations, appendices and reproducibility details",Defensible final thesis package,Thesis + appendices + reproducible artifacts,All objectives/hypotheses addressed,Missing evidence or undocumented experiment
